word,category,level
AMBIGUITY,Language,C1
IMPLICATION,Idea,C1
NUANCE,Language,C1
RESILIENCE,Quality,C1
PRAGMATIC,Quality,C1
CONVERGENCE,Science,C1
INTRICATE,Quality,C1
SYNTHESIS,Science,C1
PERCEPTION,Mind,C1
DIVERGENCE,Science,C1
SCRUTINY,Action,C1
DISCREPANCY,Difference,C1
ABSTRACTION,Reasoning,C1
PARADOX,Reasoning,C1
INTRICACY,Reasoning,C1
DISTINCTION,Reasoning,C1
CORRELATION,Reasoning,C1
CAUSATION,Reasoning,C1
COHERENCE,Reasoning,C1
INCONSISTENCY,Reasoning,C1
PROBABILITY,Reasoning,C1
PROPOSITION,Reasoning,C1
ARTICULATION,Language,C1
ELOQUENCE,Language,C1
CONNOTATION,Language,C1
DENOTATION,Language,C1
ALLUSION,Language,C1
SUBTEXT,Language,C1
INSINUATION,Language,C1
EMPHASIS,Language,C1
CONCESSION,Language,C1
QUALIFICATION,Language,C1
AUTONOMY,Society,C1
HEGEMONY,Society,C1
CONSENSUS,Society,C1
POLARIZATION,Society,C1
SEGREGATION,Society,C1
PROSPERITY,Society,C1
BUREAUCRACY,Society,C1
SOVEREIGNTY,Society,C1
DIPLOMACY,Society,C1
IDEOLOGY,Society,C1
EMPIRICAL,Science,C1
THEORETICAL,Science,C1
METHODOLOGY,Science,C1
PARADIGM,Science,C1
FRAMEWORK,Science,C1
ALGORITHM,Science,C1
REPLICATION,Science,C1
VALIDITY,Science,C1
PRECISION,Science,C1
ANOMALY,Science,C1
DISPOSITION,Mind,C1
TEMPERAMENT,Mind,C1
IMPULSE,Mind,C1
TRAUMA,Mind,C1
INTROSPECTION,Mind,C1
ATTENTIVENESS,Mind,C1
VULNERABILITY,Mind,C1
COMPASSION,Mind,C1
ASPIRATION,Mind,C1
APPREHENSION,Mind,C1
METICULOUS,Quality,C1
ASTUTE,Quality,C1
PERCEPTIVE,Quality,C1
DISCERNING,Quality,C1
TENACIOUS,Quality,C1
CANDID,Quality,C1
COMPELLING,Quality,C1
PLAUSIBLE,Quality,C1
CREDIBLE,Quality,C1
FORMIDABLE,Quality,C1
EXAMINATION,Action,C1
DELIBERATION,Action,C1
INTERVENTION,Action,C1
INVESTIGATION,Action,C1
IMPLEMENTATION,Action,C1
INTERROGATION,Action,C1
RECONCILIATION,Action,C1
REASSESSMENT,Action,C1
PRIORITIZATION,Action,C1
CONSOLIDATION,Action,C1
AESTHETIC,Art,C1
SYMBOLISM,Art,C1
SATIRE,Art,C1
ALLEGORY,Art,C1
MOTIF,Art,C1
GENRE,Art,C1
INTERTEXTUALITY,Art,C1
EXPRESSIONISM,Art,C1
IMPRESSIONISM,Art,C1
CRITICISM,Art,C1
PROLIFERATION,Change,C1
ACCELERATION,Change,C1
DETERIORATION,Change,C1
REGENERATION,Change,C1
RECONFIGURATION,Change,C1
INTEGRATION,Change,C1
FRAGMENTATION,Change,C1
STAGNATION,Change,C1
DISPLACEMENT,Change,C1
TRANSCENDENCE,Change,C1
